uuid,filename,name
ec20042b-066f-41a8-a740-dbc425106ca3,Вера и Мера.docx,Вера и Мера.docx
2ebe23ec-10fa-4801-b938-b838d2482577,Время - начинаю про Сталина рассказ….docx,Время - начинаю про Сталина рассказ….docx
5ec5cad3-96a5-4069-8584-b8ba679b8e20,Грыжу экономики следует «вырезать».docx,Грыжу экономики следует «вырезать».docx
8e333177-dec0-4270-8096-3d69207c4eea,Да притечём и мы ко свету….docx,Да притечём и мы ко свету….docx
683919ef-a147-4983-b829-7a47ed746537,Дело было в Педженте.docx,Дело было в Педженте.docx
0bf5894b-2244-4957-96f0-2ee77289ef78,Диалектика и атеизм - две сути несовместны.docx,Диалектика и атеизм - две сути несовместны.docx
c4208218-3cb5-44f1-af3c-457e49a246fe,Домик в Коломне.docx,Домик в Коломне.docx
2d612975-3716-4af3-b0c5-217c95c451eb,Достаточно общая теория управления.docx,Достаточно общая теория управления.docx
76acb5aa-ac0e-4d3d-bd0c-1aba44a709ef,Интеллектуальная позиция №1.docx,Интеллектуальная позиция №1.docx
5aa0692a-c61a-4418-a639-3a0f1487ea28,Интеллектуальная позиция №2.docx,Интеллектуальная позиция №2.docx
af5e71d9-e2df-4b43-8d5a-039783707c6c,Интеллектуальная позиция №3.docx,Интеллектуальная позиция №3.docx
1bda2e28-35f8-4b15-a361-28bf0e2d097f,Интеллектуальная позиция №4.docx,Интеллектуальная позиция №4.docx
d6deceda-7980-4e77-a65d-1a153ea000b3,Иудин грех ХХ съезда.docx,Иудин грех ХХ съезда.docx
01418178-875d-43a3-ab2f-87e50613970b,К пониманию макроэкономики государства и мира (тезисы).docx,К пониманию макроэкономики государства и мира (тезисы).docx
38ede6b7-9077-4bce-85fe-571d2a9428d1,Как и для чего писания делаются священными.docx,Как и для чего писания делаются священными.docx
859c10ca-e864-428f-a467-3954046a9c94,Краткий курс….docx,Краткий курс….docx
5a390d71-f8ca-4ed8-bf51-6b12b7e7c82d,Культура административной деятельности.docx,Культура административной деятельности.docx
3e80cb83-f73f-463e-8f61-030320927a4c,Любовь к мудрости - от прошлого к будущему.docx,Любовь к мудрости - от прошлого к будущему.docx
fe7bbc15-ee98-4c40-9375-73b6a8fa02a7,Мастер и Маргарита — гимн демонизму либо Евангелие беззаветной веры.docx,Мастер и Маргарита — гимн демонизму либо Евангелие беззаветной веры.docx
900da397-5a66-4188-ac29-18e1f885cb7d,Матрица «Матрице» - рознь.docx,Матрица «Матрице» - рознь.docx
bd4d423f-0eed-491a-9234-0b245a02ad78,Медный Всадник - это вам не медный змий….docx,Медный Всадник - это вам не медный змий….docx
9cb81236-db1e-4c6f-ab5c-074033de402b,Мертвая Вода (2015 цензурированная).docx,Мертвая Вода (2015 цензурированная).docx
7085cf5b-64c1-423a-b9a2-146e88ad5507,Нам нужна иная школа.docx,Нам нужна иная школа.docx
de99d356-177b-4172-8d70-fcdd473adade,О задачах на будущее КПЕ и беспартийных приверженцев КОБ.docx,О задачах на будущее КПЕ и беспартийных приверженцев КОБ.docx
4dfc9772-0826-4739-a857-ad24195f7354,"О расовых доктринах - несостоятельны, но правдоподобны.docx","О расовых доктринах - несостоятельны, но правдоподобны.docx"
137b6fa9-1a92-4620-b4cc-6bf3a7efad70,Об иcкоренении глобальной угрозы «международного терроризма».docx,Об иcкоренении глобальной угрозы «международного терроризма».docx
4160dc0b-75b0-4adc-86f4-cebae2b7ec57,Об имитационно-провокационной деятельности.docx,Об имитационно-провокационной деятельности.docx
1bd5161b-f207-4352-bdb8-fc32a85852f0,Общество — государственность и семья.docx,Общество — государственность и семья.docx
374faf58-3a34-4779-ac39-f32cfe4bc7cb,Оглянись во гневе….docx,Оглянись во гневе….docx
de1dcf78-db9a-4f0c-ad2b-055f0099a8d6,От человекообразия к человечности.docx,От человекообразия к человечности.docx
a27dac85-2e5d-46be-bfdc-14a5d3f3f359,"Печальное наследие Атлантиды (Троцкизм это «вчера», но никак не «завтра»).docx","Печальное наследие Атлантиды (Троцкизм это «вчера», но никак не «завтра»).docx"
fb0ffca4-6259-4a7c-8835-6f4f2042a60a,По вере вашей да будет вам… .docx,По вере вашей да будет вам… .docx
f0656499-6313-452f-b167-959a44e7bcb0,Последний гамбит.docx,Последний гамбит.docx
8dfd6077-c550-42e3-886c-9e2158ce318e,Приди на помощь моему неверью... О дианетике и саентологии по существу - взгляд со стороны.docx,Приди на помощь моему неверью... О дианетике и саентологии по существу - взгляд со стороны.docx
f1fa9659-3e16-4fa3-ab1b-ff70678a458c,"Принципы кадровой политики государства, «антигосударства», общественной инициативы.docx","Принципы кадровой политики государства, «антигосударства», общественной инициативы.docx"
aad7a698-1d52-428f-a2d1-9da9751cebdc,Провидение - не «алгебра»….docx,Провидение - не «алгебра»….docx
97a8b63e-8e27-4395-a3aa-9f7aed9e8758,Психологический аспект истории и перспектив нынешней глобальной цивилизации.docx,Психологический аспект истории и перспектив нынешней глобальной цивилизации.docx
8c6545d1-29dc-47b9-b683-f9e1bc477b9e,Разгерметизация.docx,Разгерметизация.docx
1dcadafc-d86c-4ab6-bbed-0f55ccc5f7a3,Размышления при прочтении «Сцен из Фауста» А.С.Пушкина.docx,Размышления при прочтении «Сцен из Фауста» А.С.Пушкина.docx
8316bce3-8876-49fb-a05c-4ef063509e9f,Разрешение проблем национальных взаимоотношений в русле КОБ.docx,Разрешение проблем национальных взаимоотношений в русле КОБ.docx
bb46dfbd-4d5d-4d0c-baee-70766896163c,Российское общество и гибель АПЛ «Курск» 12 августа 2000 года.docx,Российское общество и гибель АПЛ «Курск» 12 августа 2000 года.docx
8934219a-2fc0-47fd-8fc6-97028e30046d,Руслан и Людмила.docx,Руслан и Людмила.docx
574e7a40-991b-4987-8b93-70d1d5c671bc,Русское правоведение — «юридическая чума» на Руси — вылечим.docx,Русское правоведение — «юридическая чума» на Руси — вылечим.docx
ecbd0785-b6de-4e78-bb77-b55967f25447,Сад растёт сам.docx,Сад растёт сам.docx
c1694477-c436-406d-8269-6ebca189d526,Сборник аналитических записок «Вехи» (1989-1995-1998-2004-2005-2007-2010).docx,Сборник аналитических записок «Вехи» (1989-1995-1998-2004-2005-2007-2010).docx
ba5dd5e9-4002-4206-8b6a-02d52fda0b56,Сборник аналитических записок «Концептуальная власть на Руси».docx,Сборник аналитических записок «Концептуальная власть на Руси».docx
d79c9c5e-3392-4848-8e3f-082c66db3224,"Смута на Руси — зарождение, течение, преодоление….docx","Смута на Руси — зарождение, течение, преодоление….docx"
302053fa-df50-477d-9077-a577e1e5b974,Старые сценарии на новый лад.docx,Старые сценарии на новый лад.docx
4479a258-68d6-4201-8126-159757a98537,"Форд и Сталин - о том, как жить по-человечески.docx","Форд и Сталин - о том, как жить по-человечески.docx"
9185c5d7-fea1-4bb1-82a4-62d54589e441,Язык наш как объективная данность и как культура речи.docx,Язык наш как объективная данность и как культура речи.docx
