1660181705815756800,Вера и Мера.docx
1660181706855944199,Время - начинаю про Сталина рассказ….docx
1660181707178905605,Грыжу экономики следует «вырезать».docx
1660181707560587272,Да притечём и мы ко свету….docx
1660181707975823370,Дело было в Педженте.docx
1660181709204754440,Диалектика и атеизм - две сути несовместны.docx
1660181711167688714,Домик в Коломне.docx
1660181711696171008,Достаточно общая теория управления.docx
1660181713172566025,Интеллектуальная позиция №1.docx
1660181714145644551,Интеллектуальная позиция №2.docx
1660181714850287619,Интеллектуальная позиция №3.docx
1660181715454267400,Интеллектуальная позиция №4.docx
1660181716465094660,Иудин грех ХХ съезда.docx
1660181717329121284,К пониманию макроэкономики государства и мира (тезисы).docx
1660181717773717513,Как и для чего писания делаются священными.docx
1660181718025375748,Краткий курс….docx
1660181719623405571,Культура административной деятельности.docx
1660181720562929667,Любовь к мудрости - от прошлого к будущему.docx
1660181720634232844,Мастер и Маргарита — гимн демонизму либо Евангелие беззаветной веры.docx
1660181722110627850,Матрица «Матрице» - рознь.docx
1660181722253234182,Медный Всадник - это вам не медный змий….docx
1660181722995625988,Мертвая Вода (2015 цензурированная).docx
1660181726879551492,Нам нужна иная школа.docx
1660181727991042055,О задачах на будущее КПЕ и беспартийных приверженцев КОБ.docx
1660181728314003456,"О расовых доктринах - несостоятельны, но правдоподобны.docx"
1660181729614237702,Об иcкоренении глобальной угрозы «международного терроризма».docx
1660181731371651074,Об имитационно-провокационной деятельности.docx
1660181731984019479,Общество — государственность и семья.docx
1660181732499918864,Оглянись во гневе….docx
1660181733280059392,От человекообразия к человечности.docx
1660181734110531593,"Печальное наследие Атлантиды (Троцкизм это «вчера», но никак не «завтра»).docx"
1660181734651596812,По вере вашей да будет вам… .docx
1660181735393988616,Последний гамбит.docx
1660181736421593098,Приди на помощь моему неверью... О дианетике и саентологии по существу - взгляд со стороны.docx
1660181737231093766,"Принципы кадровой политики государства, «антигосударства», общественной инициативы.docx"
1660181738028011529,Провидение - не «алгебра»….docx
1660181738317418498,Психологический аспект истории и перспектив нынешней глобальной цивилизации.docx
1660181739013672960,Разгерметизация.docx
1660181742230704137,Размышления при прочтении «Сцен из Фауста» А.С.Пушкина.docx
1660181742436225027,Разрешение проблем национальных взаимоотношений в русле КОБ.docx
1660181744382382084,Российское общество и гибель АПЛ «Курск» 12 августа 2000 года.docx
1660181745363849217,Руслан и Людмила.docx
1660181746886381590,Русское правоведение — «юридическая чума» на Руси — вылечим.docx
1660181748408913921,Сад растёт сам.docx
1660181750212464641,Сборник аналитических записок «Вехи» (1989-1995-1998-2004-2005-2007-2010).docx
1660181751172960256,Сборник аналитических записок «Концептуальная власть на Руси».docx
1660181751785328643,"Смута на Руси — зарождение, течение, преодоление….docx"
1660181752603217931,Старые сценарии на новый лад.docx
1660181753110728707,"Форд и Сталин - о том, как жить по-человечески.docx"
1660181754721341443,Язык наш как объективная данность и как культура речи.docx
